run,shape,beta_scale,method,variant,device,ambient_metrics.Goal_MSE,ambient_metrics.Goal_MSE_Std,ambient_metrics.Goal_Ori_Angle_deg,ambient_metrics.Imitation_MSE,ambient_metrics.Imitation_MSE_ArcLength,ambient_metrics.Imitation_MSE_ArcLength_Std,ambient_metrics.Imitation_MSE_Std,ambient_metrics.Imitation_Ori_Angle_deg,graph_size,hidden_dim,latent_dim,latent_metrics.MSE_Error,latent_metrics.MSE_Mean,latent_metrics.MSE_Std,latent_metrics.Max_Radial,latent_metrics.Radial_Error,latent_metrics.Radial_Mean,latent_metrics.Radial_Std,model_name,num_queries_answered,off_manifold.alpha_0.25.paths_pct,off_manifold.alpha_0.25.points_pct,off_manifold.alpha_0.25.tau,off_manifold.alpha_0.5.paths_pct,off_manifold.alpha_0.5.points_pct,off_manifold.alpha_0.5.tau,off_manifold.alpha_0.75.paths_pct,off_manifold.alpha_0.75.points_pct,off_manifold.alpha_0.75.tau,off_manifold.floor,off_manifold.num_paths,off_manifold.samples_per_path,off_manifold.wall,one_off_costs.graph_construction_s,one_off_costs.training_time_s,timing.batched_throughput.num_queries,timing.batched_throughput.per_query_equivalent_s,timing.batched_throughput.total_s,timing.graph_construction_s,timing.per_query.iqr_s,timing.per_query.mean_s,timing.per_query.median_s,timing.per_query.n,timing.per_query.q25_s,timing.per_query.q75_s,timing.per_query.total_s,timing.warmup_queries
N-Shape_beta_scale_1,N,1,VAE reconstruction,,,0.5461269867078509,0.5654311203586381,1.0668014762161764,0.6057718913176721,0.7085261784521608,0.652252678669063,0.4708874128917312,1.2102290677475982,,,,,,,,,,,,,,,,,,,,,,,,,,,,,,,,,,,,,,,
N-Shape_beta_scale_1,N,1,Ground truth,,,,,,,,,,,,,,,,,,,,,,,0.0,0.0,-0.20651138164526017,0.0,0.0,4.727682921568223,0.0,0.0,9.661877224781705,-5.140705684858744,140,100,14.596071527995191,,,,,,,,,,,,,,
N-Shape_beta_scale_1,N,1,Graph,default,cuda,0.546131837718257,0.5654174658066565,1.0667869414395086,237.63075684084086,197.32163073357322,170.52567333233347,190.40822208797758,13.634995577765682,100,,,37.34207700892857,37.34207700892857,0.0,0.0003967846860177815,9.53159251366742e-05,9.53159251366742e-05,8.066815644269809e-05,,140,0.0,0.0,-0.20651138164526017,0.0,0.0,4.727682921568223,0.0,0.0,9.661877224781705,,140,200,,105.70123551299912,,,,,105.70123551299912,0.030496788249365636,0.20390896273560688,0.18321981399822107,140,0.17010226775164483,0.20059905600101047,28.547254782984965,10
N-Shape_beta_scale_1,N,1,Stochman,default,cuda,0.5461268715506884,0.5654311364296684,1.066801401228421,309.90897020797746,262.64336696505984,184.18032291645653,211.95230635794528,15.699245349111909,,,,47.052080357142856,47.052080357142856,0.0,1.3328003944934608e-07,3.045825280878489e-08,3.045825280878489e-08,4.979447965069994e-08,,140,0.0,0.0,-0.20651138164526017,0.0,0.0,4.727682921568223,0.0,0.0,9.661877224781705,,140,200,,,,,,,,0.20887705250424915,0.7455510673285192,0.68257696100045,140,0.6761943659985263,0.8850714185027755,104.37714942599268,10
N-Shape_beta_scale_10,N,10,VAE reconstruction,,,0.5468611415676528,0.567437748342451,1.071422486248619,0.606362728728313,0.7101446411421419,0.6520444002367948,0.47158303022990156,1.2145307477013811,,,,,,,,,,,,,,,,,,,,,,,,,,,,,,,,,,,,,,,
N-Shape_beta_scale_10,N,10,Ground truth,,,,,,,,,,,,,,,,,,,,,,,0.0,0.0,1.2179642952115377,0.0,0.0,6.066764842588183,0.0,0.0,10.91556538996483,-3.6308362521651074,140,100,15.764365937341474,,,,,,,,,,,,,,
N-Shape_beta_scale_10,N,10,Graph,default,cuda,0.5468918799408581,0.5674464743019599,1.0714218990897086,45.198946800737225,17.202625715806825,68.68051738221753,122.47022350143527,5.370790080125767,100,,,8.62667919921875,8.62667919921875,0.0,0.002800310030579567,0.00027303959359414876,0.00027303959359414876,0.00032035307958722115,,140,2.142857313156128,0.13571427762508392,1.2179642952115377,1.4285714626312256,0.0357142835855484,6.066764842588183,1.4285714626312256,0.014285714365541935,10.91556538996483,,140,200,,103.87196166999638,,,,,103.87196166999638,0.06403369099734846,0.2502326716856779,0.1982094019986107,140,0.1753852830015603,0.23941897399890877,35.03257403599491,10
N-Shape_beta_scale_10,N,10,NODE,energy_imitation,cuda,5.551882596840926,28.55690500677483,1.5320818473963187,51.98024068915959,4.625807917239446,10.10328604102948,46.878660745684634,6.065375487098154,,256,2,8.870075055803571,8.870075055803571,0.0,10.848458290100098,0.4250909984111786,0.4250909984111786,1.3786118030548096,NODE_lasa_N-Shape_beta_scale_10_RiemannianMSE_EGI_energy_imitation,140,0.7142857313156128,0.2785714268684387,1.2179642952115377,0.0,0.0,6.066764842588183,0.0,0.0,10.91556538996483,,140,200,,,,140,0.0006030086357246286,0.084421209001448,,0.0014969224994274555,0.08220919172846541,0.0816835439982242,140,0.08123950874960428,0.08273643124903174,11.509286841985158,10
N-Shape_beta_scale_10,N,10,NODE,energy_only,cuda,5.760690208075746,61.47392782937141,1.2895634893719112,190.57414087065393,8.294921518050456,41.966192112360666,117.1501935410496,13.277659298786451,,256,2,30.94659486607143,30.94659486607143,0.0,10.295907974243164,0.08118335157632828,0.08118335157632828,0.8664311766624451,NODE_lasa_N-Shape_beta_scale_10_RiemannianMSE_EGI_energy_only,140,0.0,0.0,1.2179642952115377,0.0,0.0,6.066764842588183,0.0,0.0,10.91556538996483,,140,200,,,,140,0.0006020666000040364,0.0842893240005651,,0.001242890750290826,0.08198448385703938,0.08149014400078158,140,0.08105049050027446,0.08229338125056529,11.477827739985514,10
N-Shape_beta_scale_10,N,10,Stochman,default,cuda,0.5468611791924888,0.567437735950216,1.0714224662701122,310.57411478377804,263.33506735896583,184.39468806288028,212.18575299787014,15.71893150471709,,,,47.15186941964286,47.15186941964286,0.0,1.3328003944934608e-07,2.097882756402214e-08,2.097882756402214e-08,4.1593011701479554e-08,,140,85.0,16.832143783569336,1.2179642952115377,51.42857360839844,3.260714292526245,6.066764842588183,10.714285850524902,0.4928571581840515,10.91556538996483,,140,200,,,,,,,,0.0065329847511748085,0.8566730654927857,0.8958543349981483,140,0.8907745727501606,0.8973075575013354,119.93422916898999,10
N-Shape_beta_scale_5,N,5,VAE reconstruction,,,0.5477274289072811,0.5668250331365304,1.0701466686446914,0.6072474175310208,0.71020342190299,0.6523999596753958,0.47124820679505713,1.213686060170897,,,,,,,,,,,,,,,,,,,,,,,,,,,,,,,,,,,,,,,
N-Shape_beta_scale_5,N,5,Ground truth,,,,,,,,,,,,,,,,,,,,,,,0.0,0.0,0.5273132815921713,0.0,0.0,5.430903439956487,0.0,0.0,10.334493598320801,-4.3762768767721445,140,100,15.238083756685118,,,,,,,,,,,,,,
N-Shape_beta_scale_5,N,5,Graph,default,cuda,0.5478134389534948,0.5668629096562248,1.0701766685765475,25.540568486430764,7.770495003658904,6.095085982246807,41.766438838307145,4.765512560348702,100,,,4.876239118303571,4.876239118303571,0.0,0.0008545262389816344,0.0002507331082597375,0.0002507331082597375,0.0001840614713728428,,140,0.0,0.0,0.5273132815921713,0.0,0.0,5.430903439956487,0.0,0.0,10.334493598320801,,140,200,,103.69965520199912,,,,,103.69965520199912,0.16855763774765364,0.2594625018856147,0.20486986649848404,140,0.18194300475079217,0.3505006424984458,36.32475026398606,10
N-Shape_beta_scale_5,N,5,NODE,energy_imitation,cuda,5.598314727867464,37.7707575036103,1.5214111116361304,45.10207298546669,4.296296179800921,11.83843466693377,49.388346613840085,5.695200365204062,,256,2,7.8855546875,7.8855546875,0.0,14.090408325195312,0.3947400748729706,0.3947400748729706,1.4723306894302368,NODE_lasa_N-Shape_beta_scale_5_RiemannianMSE_EGI_energy_imitation,140,0.0,0.0,0.5273132815921713,0.0,0.0,5.430903439956487,0.0,0.0,10.334493598320801,,140,200,,,,140,0.000587317135718227,0.08222439900055178,,0.0005590117498286418,0.0791426056284763,0.07877802899747621,140,0.0785940997511716,0.07915311150100024,11.079964787986682,10
N-Shape_beta_scale_5,N,5,NODE,energy_only,cuda,0.6107595770525607,0.6992601548619991,1.095186001504395,104.22748341370637,6.502645739846148,8.958179764137103,76.98870425503048,9.47541037946738,,256,2,17.096478794642856,17.096478794642856,0.0,1.3344309329986572,0.04082068055868149,0.04082068055868149,0.16670790314674377,NODE_lasa_N-Shape_beta_scale_5_RiemannianMSE_EGI_energy_only,140,0.0,0.0,0.5273132815921713,0.0,0.0,5.430903439956487,0.0,0.0,10.334493598320801,,140,200,,,,140,0.0006228475000170875,0.08719865000239224,,0.004716550997727609,0.08290508713583092,0.08184645000073942,140,0.07909465950160666,0.08381121049933427,11.606712199016329,10
N-Shape_beta_scale_5,N,5,Stochman,default,cuda,0.5477274521428558,0.5668249293734965,1.0701465751008743,310.2325233729104,263.03623636642965,184.37052771792924,212.19464011833884,15.707506149009939,,,,47.10158705357143,47.10158705357143,0.0,1.4901161193847656e-07,2.4650898211575623e-08,2.4650898211575623e-08,4.550980747808353e-08,,140,45.0,4.442857265472412,0.5273132815921713,0.0,0.0,5.430903439956487,0.0,0.0,10.334493598320801,,140,200,,,,,,,,0.02254519474809058,0.850294614035738,0.8958614109997143,140,0.8758567595014028,0.8984019542494934,119.04124596500333,10
P-Shape_beta_scale_1,P,1,VAE reconstruction,,,1.3120317009119031,1.1889392461727337,17.84385724433989,0.9529984997222976,0.8795520033798779,0.5778623085196252,0.5650879978721085,17.360035469302815,,,,,,,,,,,,,,,,,,,,,,,,,,,,,,,,,,,,,,,
P-Shape_beta_scale_1,P,1,Ground truth,,,,,,,,,,,,,,,,,,,,,,,22.14285659790039,0.24285714328289032,-0.3428022922988134,0.0,0.0,4.5144885840790945,0.0,0.0,9.371779460457002,-5.200093168676721,140,100,14.229070336834909,,,,,,,,,,,,,,
P-Shape_beta_scale_1,P,1,Graph,default,cuda,1.311759407843411,1.1888134742322125,17.84337401614859,371.4080886139733,370.6035090878605,293.5998204341219,266.0304652499939,30.16680823641768,100,,,62.15671875,62.15671875,0.0,0.0023361400235444307,0.0004065196553710848,0.0004065196553710848,0.0005261535989120603,,140,45.0,4.025000095367432,-0.3428022922988134,10.0,0.8071427941322327,4.5144885840790945,9.285714149475098,0.4285714030265808,9.371779460457002,,140,200,,105.88547913000002,,,,,105.88547913000002,0.18023033750068862,0.28852274732123206,0.19606330550050188,140,0.1723727955004506,0.3526031330011392,40.39318462497249,10
P-Shape_beta_scale_1,P,1,Stochman,default,cuda,1.312032002978784,1.188939619407532,17.843859677580458,336.4427625796356,315.562191882923,223.47677050139654,253.8320291474884,23.140473556187157,,,,49.66342299107143,49.66342299107143,0.0,1.4901161193847656e-07,3.63703414052452e-08,3.63703414052452e-08,4.641740858346566e-08,,140,40.71428298950195,0.9464285373687744,-0.3428022922988134,0.0,0.0,4.5144885840790945,0.0,0.0,9.371779460457002,,140,200,,,,,,,,0.002399357999820495,0.8973782581569789,0.8971880639983283,140,0.8959923137490478,0.8983916717488682,125.63295614197705,10
P-Shape_beta_scale_10,P,10,VAE reconstruction,,,1.4370359866426514,1.3011904836777177,17.403682823181654,1.0096317839062972,0.9185657264060192,0.6150377515645505,0.6239334157611597,17.37947207633286,,,,,,,,,,,,,,,,,,,,,,,,,,,,,,,,,,,,,,,
P-Shape_beta_scale_10,P,10,Ground truth,,,,,,,,,,,,,,,,,,,,,,,32.85714340209961,0.47857141494750977,0.9049447433242079,0.0,0.0,5.506903309158174,0.0,0.0,10.10886187499214,-3.697013822509758,140,100,14.710820440826106,,,,,,,,,,,,,,
P-Shape_beta_scale_10,P,10,Graph,default,cuda,1.4368770921054925,1.3008765382147451,17.400451388234266,74.65029050185292,55.726172977055455,105.8933255419768,57.42627657759157,22.55247596757976,100,,,14.538013671875,14.538013671875,0.0,0.0024507343769073486,0.0006954516284167767,0.0006954516284167767,0.0005073933280073106,,140,73.57142639160156,10.01785659790039,0.9049447433242079,37.85714340209961,5.0321431159973145,5.506903309158174,32.14285659790039,2.7535715103149414,10.10886187499214,,140,200,,106.54200388200115,,,,,106.54200388200115,0.28927114749967586,0.36700717567151253,0.29505251399859844,140,0.20023559600122098,0.48950674350089685,51.381004594011756,10
P-Shape_beta_scale_10,P,10,NODE,energy_imitation,cuda,6.233784241526664,11.264039518010371,34.41465001119156,44.6573154897629,3.336040090540826,3.9924757431543867,37.53808672486258,23.503455356937497,,512,2,9.993638950892857,9.993638950892857,0.0,6.212497711181641,1.6086533069610596,1.6086533069610596,1.1050022840499878,NODE_lasa_P-Shape_beta_scale_10_RiemannianMSE_EGI_energy_imitation,140,70.0,4.089285850524902,0.9049447433242079,0.7142857313156128,0.0892857164144516,5.506903309158174,0.0,0.0,10.10886187499214,,140,200,,,,140,0.0006584617857047955,0.09218464999867138,,0.006941875251868623,0.08960017504292149,0.08787923400086584,140,0.08623871399868221,0.09318058925055084,12.54402450600901,10
P-Shape_beta_scale_10,P,10,NODE,energy_only,cuda,337.8454402000467,683.2945669598884,18.938818602023808,527.3626404981151,408.4471723208945,552.685191218895,465.1901196771015,21.447720295996074,,512,2,65.99212053571429,65.99212053571429,0.0,15.58501148223877,2.7401044368743896,2.7401044368743896,3.8111722469329834,NODE_lasa_P-Shape_beta_scale_10_RiemannianMSE_EGI_energy_only,140,49.28571319580078,13.789285659790039,0.9049447433242079,0.0,0.0,5.506903309158174,0.0,0.0,10.10886187499214,,140,200,,,,140,0.0006710370071492175,0.09394518100089044,,0.006614667750909575,0.0921223388998312,0.09243653749945224,140,0.08789134500057116,0.09450601275148074,12.897127445976366,10
P-Shape_beta_scale_10,P,10,Stochman,default,cuda,1.437035896024187,1.301190550779007,17.40368825702582,339.8258103600745,318.21233671841395,225.1750147836851,256.75032852367355,23.336424444574067,,,,49.70283035714286,49.70283035714286,0.0,1.3328003944934608e-07,4.3529606585934744e-08,4.3529606585934744e-08,4.521486118846951e-08,,140,93.5714340209961,35.664283752441406,0.9049447433242079,85.0,20.703571319580078,5.506903309158174,82.85714721679688,13.085714340209961,10.10886187499214,,140,200,,,,,,,,0.21397203674951015,0.7908404213857336,0.7687033679994784,140,0.6819743490004839,0.8959463857499941,110.7176589940027,10
P-Shape_beta_scale_5,P,5,VAE reconstruction,,,1.4054089372121394,1.2755949553174046,17.40332270629231,0.9907397711813858,0.9030345032641047,0.6063411762685778,0.6112584397222098,17.377185345314448,,,,,,,,,,,,,,,,,,,,,,,,,,,,,,,,,,,,,,,
P-Shape_beta_scale_5,P,5,Ground truth,,,,,,,,,,,,,,,,,,,,,,,27.142858505249023,0.3142857253551483,0.4167233629977618,0.0,0.0,5.174559398878,0.0,0.0,9.932395434758238,-4.341112672882477,140,100,14.690231470638478,,,,,,,,,,,,,,
P-Shape_beta_scale_5,P,5,Graph,default,cuda,1.4052821652512304,1.2747484975134586,17.397639841614488,131.74792508625748,103.25449220413152,150.79215214390734,131.6609396225854,23.26611292393887,100,,,30.145368303571427,30.145368303571427,0.0,0.004012104123830795,0.0009764833375811577,0.0009764833375811577,0.0007698017288930714,,140,72.14286041259766,7.657142639160156,0.4167233629977618,39.28571319580078,2.5035715103149414,5.174559398878,37.14285659790039,1.335714340209961,9.932395434758238,,140,200,,110.47579082800075,,,,,110.47579082800075,0.3206484777529113,0.38050405047134905,0.291762529499465,140,0.19416658674799692,0.5148150645009082,53.27056706598887,10
P-Shape_beta_scale_5,P,5,NODE,energy_imitation,cuda,3.5484376628676952,6.7328642076120895,22.298940700519214,47.823112248518655,4.7764176081893694,7.098632958285657,40.70664644216286,22.596302419666134,,512,2,10.337469308035715,10.337469308035715,0.0,4.005414009094238,1.2407140731811523,1.2407140731811523,0.9262275695800781,NODE_lasa_P-Shape_beta_scale_5_RiemannianMSE_EGI_energy_imitation,140,62.85714340209961,2.817857027053833,0.4167233629977618,0.0,0.0,5.174559398878,0.0,0.0,9.932395434758238,,140,200,,,,140,0.0006617663928409456,0.09264729499773239,,0.0012874915018983302,0.08718353802846,0.08709037299922784,140,0.0864254637481281,0.08771295525002643,12.2056953239844,10
P-Shape_beta_scale_5,P,5,NODE,energy_only,cuda,227.1851765678407,322.8647668402801,18.150318298560602,479.323175304427,375.2428443810791,426.9583016015679,350.9179985910795,21.878249112008646,,512,2,55.305743303571425,55.305743303571425,0.0,11.910578727722168,2.4214720726013184,2.4214720726013184,2.529188394546509,NODE_lasa_P-Shape_beta_scale_5_RiemannianMSE_EGI_energy_only,140,58.57142639160156,20.092857360839844,0.4167233629977618,0.7142857313156128,0.04285714402794838,5.174559398878,0.0,0.0,9.932395434758238,,140,200,,,,140,0.0006293837000027582,0.08811371800038614,,0.010524853246351995,0.08843560782128666,0.08548377749866631,140,0.08332811675154517,0.09385296999789716,12.380985094980133,10
P-Shape_beta_scale_5,P,5,Stochman,default,cuda,1.4054088107683462,1.275594931003153,17.403321648141013,339.1027385370591,317.7486929073064,224.97972856394597,256.29628884638095,23.33327036060284,,,,49.693426339285715,49.693426339285715,0.0,1.4901161193847656e-07,4.449914925430676e-08,4.449914925430676e-08,4.786244645060833e-08,,140,90.0,23.58928680419922,0.4167233629977618,32.85714340209961,1.2607142925262451,5.174559398878,0.0,0.0,9.932395434758238,,140,200,,,,,,,,0.057668865501000255,0.862222879735808,0.8946803774997534,140,0.8406044132498209,0.8982732787508212,120.71120316301312,10
